username,repository_name,last_update_date,language,number_of_stars,first_commit,number_of_commits,average_issues_solved_per_day,average_commits_per_day,typeof_main_contributor,genderof_main_contributor,still_active,new_versions_released
freeCodeCamp,freeCodeCamp,2017-06-24T15:56:17Z,JavaScript,290000,2015-08-15T16:59:53Z,114,25.72,8.98,enterprise,female,False,False
twbs,bootstrap,2017-06-24T15:40:21Z,JavaScript,112000,2015-11-25T02:43:43Z,469,4.71,17.73,enterprise,female,True,True
d3,d3,2017-05-31T06:03:47Z,JavaScript,65700,2016-05-31T23:59:24Z,80,8.74,3.23,organization,male,True,True
getify,You-Dont-Know-JS,2017-06-23T10:42:36Z,JavaScript,62000,2016-06-16T08:19:59Z,101,40.48,12.75,enterprise,undetermined,True,False
tensorflow,tensorflow,2017-06-24T18:25:42Z,C++,61600,2015-04-09T06:33:08Z,486,46.83,5.04,organization,female,True,True
vuejs,vue,2017-06-24T15:38:55Z,JavaScript,57700,2015-03-07T13:40:18Z,479,14.39,8.79,enterprise,male,True,True
robbyrussell,oh-my-zsh,2017-06-23T19:24:49Z,Shell,55200,2015-11-10T17:23:37Z,416,10.53,18.11,enterprise,female,False,False
airbnb,javascript,2017-06-24T05:44:24Z,JavaScript,54100,2016-11-16T01:08:00Z,468,10.68,11.62,personal,undetermined,False,True
electron,electron,2017-06-24T11:58:28Z,C++,47200,2015-12-06T05:04:44Z,32,5.21,4.99,organization,undetermined,False,True
moby,moby,2017-06-24T19:31:46Z,Go,44300,2015-05-22T19:13:02Z,469,8.07,11.18,organization,male,True,False
daneden,animate.css,2017-06-18T06:45:18Z,CSS,42800,2015-11-02T07:29:43Z,289,26.06,8.34,personal,male,False,False
atom,atom,2017-06-24T11:21:59Z,CoffeeScript,37800,2015-02-15T07:38:29Z,413,21.47,2.4,enterprise,undetermined,True,False
meteor,meteor,2017-06-24T16:45:21Z,JavaScript,37700,2015-11-07T16:46:51Z,173,15.77,0.21,enterprise,male,False,False
nodejs,node,2017-06-24T19:42:53Z,JavaScript,36400,2015-11-22T06:59:16Z,100,23.81,1.0,organization,undetermined,True,True
rails,rails,2017-06-24T16:02:00Z,Ruby,36100,2016-11-29T15:38:07Z,474,36.67,10.02,enterprise,male,False,True
Semantic-Org,Semantic-UI,2017-06-19T17:49:04Z,JavaScript,35600,2016-08-31T07:47:01Z,527,10.88,4.62,personal,undetermined,True,False
vinta,awesome-python,2017-06-18T09:43:08Z,Python,35300,2015-09-14T13:45:23Z,158,3.39,13.28,organization,female,True,False
hakimel,reveal.js,2017-06-19T09:07:01Z,JavaScript,35200,2015-11-03T00:02:21Z,509,16.87,19.61,organization,undetermined,True,False
mrdoob,three.js,2017-06-24T18:40:38Z,JavaScript,33600,2015-09-29T12:41:21Z,527,15.9,12.45,enterprise,male,True,True
laravel,laravel,2017-06-23T08:57:24Z,PHP,32900,2015-09-24T01:55:16Z,568,11.65,7.88,enterprise,male,False,True
expressjs,express,2017-06-22T15:34:50Z,JavaScript,32500,2016-05-10T04:47:35Z,278,41.31,9.39,organization,undetermined,False,True
reactjs,redux,2017-06-23T21:05:09Z,JavaScript,32000,2015-07-27T07:15:58Z,199,8.04,11.3,personal,female,True,True
nwjs,nw.js,2017-06-23T05:35:29Z,C++,31800,2015-05-26T10:48:48Z,204,48.73,17.69,personal,female,True,False
chartjs,Chart.js,2017-06-24T19:40:15Z,JavaScript,30700,2015-03-12T15:56:14Z,156,0.27,18.44,enterprise,undetermined,False,True
google,material-design-icons,2017-06-23T19:35:25Z,CSS,30200,2016-10-02T17:09:46Z,47,20.43,12.88,organization,female,False,True
jakubroztocil,httpie,2017-06-18T06:18:33Z,Python,30200,2015-06-25T08:57:31Z,542,2.37,14.09,enterprise,female,False,False
ionic-team,ionic,2017-06-24T15:34:10Z,TypeScript,30100,2015-07-27T15:45:03Z,138,47.46,13.61,enterprise,undetermined,True,True
jekyll,jekyll,2017-06-24T16:32:00Z,Ruby,30100,2015-01-29T13:00:13Z,179,40.64,1.89,personal,undetermined,False,False
Microsoft,vscode,2017-06-24T16:48:19Z,TypeScript,29600,2015-04-23T23:39:13Z,123,45.16,7.45,organization,undetermined,False,False
webpack,webpack,2017-06-24T01:42:43Z,JavaScript,29400,2015-02-23T01:11:04Z,114,4.44,8.86,personal,male,False,False
golang,go,2017-06-24T00:54:40Z,Go,29200,2016-02-28T21:18:27Z,553,33.96,10.88,organization,male,False,True
facebookincubator,create-react-app,2017-06-23T19:23:25Z,JavaScript,29100,2015-07-14T00:15:09Z,405,27.43,12.23,personal,male,True,True
nvbn,thefuck,2017-06-19T21:12:47Z,Python,28600,2015-11-10T02:09:34Z,489,20.54,14.31,organization,undetermined,True,True
pallets,flask,2017-06-21T23:13:36Z,Python,27800,2016-06-10T23:02:18Z,129,19.9,9.95,organization,undetermined,True,True
Dogfalo,materialize,2017-06-24T17:56:32Z,JavaScript,27200,2015-08-03T07:16:24Z,248,11.48,12.56,organization,female,True,False
callemall,material-ui,2017-06-24T18:59:29Z,JavaScript,26600,2015-03-22T16:36:08Z,460,41.82,5.86,personal,female,False,True
django,django,2017-06-24T14:49:32Z,Python,26400,2016-06-18T13:58:35Z,259,30.14,14.75,organization,undetermined,False,False
yarnpkg,yarn,2017-06-24T02:57:02Z,JavaScript,25900,2015-09-13T14:36:43Z,132,40.65,12.71,organization,female,True,True
requests,requests,2017-06-16T22:31:24Z,Python,25700,2015-05-20T11:57:19Z,492,46.98,16.5,enterprise,male,True,False
angular,angular,2017-06-24T19:19:20Z,TypeScript,25300,2015-12-09T00:18:20Z,261,27.06,12.62,organization,female,False,True
ReactiveX,RxJava,2017-06-24T11:34:48Z,Java,25200,2015-08-23T14:07:15Z,532,47.95,16.38,organization,female,False,True
chrislgarry,Apollo-11,2017-06-19T11:00:14Z,Assembly,24400,2016-11-30T14:49:30Z,139,11.93,4.62,enterprise,female,False,True
kubernetes,kubernetes,2017-06-24T19:15:49Z,Go,24300,2016-06-13T22:45:12Z,478,39.1,4.07,organization,male,True,False
lodash,lodash,2017-06-20T21:55:44Z,JavaScript,24300,2016-07-05T08:04:12Z,399,40.65,12.59,organization,male,True,True
ansible,ansible,2017-06-24T19:07:24Z,Python,23900,2015-09-16T06:06:37Z,292,14.24,2.41,personal,female,False,False
elastic,elasticsearch,2017-06-24T18:33:40Z,Java,23400,2016-02-26T10:22:23Z,35,12.4,14.3,organization,male,False,False
neovim,neovim,2017-06-24T15:31:57Z,Vim script,23200,2016-08-27T01:57:25Z,104,25.05,13.53,personal,undetermined,False,True
Microsoft,TypeScript,2017-06-23T23:16:05Z,TypeScript,23200,2015-11-20T08:30:02Z,504,16.25,6.53,organization,male,False,False
nylas,nylas-mail,2017-06-06T19:46:56Z,JavaScript,23100,2016-04-20T16:11:12Z,563,1.81,10.39,personal,male,False,False
TryGhost,Ghost,2017-06-24T07:31:30Z,JavaScript,23000,2016-07-17T18:20:02Z,534,5.35,7.42,organization,undetermined,True,True
rust-lang,rust,2017-06-24T19:28:33Z,Rust,22300,2016-02-07T20:18:52Z,433,27.53,2.13,enterprise,male,True,True
discourse,discourse,2017-06-23T21:20:59Z,Ruby,21900,2016-12-05T22:45:55Z,226,29.12,15.55,enterprise,undetermined,False,True
firehol,netdata,2017-06-22T23:11:14Z,C,21900,2016-06-06T06:10:08Z,228,3.05,3.66,enterprise,male,False,True
mzabriskie,axios,2017-06-23T20:57:16Z,JavaScript,21800,2015-05-18T09:20:27Z,565,29.29,11.18,personal,male,True,False
avelino,awesome-go,2017-06-24T17:28:07Z,Go,21600,2016-01-10T12:49:55Z,34,9.2,9.05,enterprise,male,False,True
caolan,async,2017-06-23T04:21:38Z,JavaScript,21600,2016-05-03T06:15:17Z,282,1.36,6.52,enterprise,female,False,True
babel,babel,2017-06-24T20:00:43Z,JavaScript,21500,2015-01-11T11:19:47Z,283,35.03,5.4,enterprise,male,False,False
scrapy,scrapy,2017-06-23T16:10:23Z,Python,21200,2015-04-30T01:10:29Z,232,22.06,18.53,organization,male,False,True
Modernizr,Modernizr,2017-06-12T21:37:38Z,JavaScript,20600,2015-04-27T08:26:18Z,354,41.81,12.13,personal,undetermined,True,False
select2,select2,2017-06-21T05:15:05Z,JavaScript,20500,2016-07-01T12:17:14Z,306,19.99,11.55,personal,male,False,True
vsouza,awesome-ios,2017-06-24T15:50:09Z,Swift,20400,2016-10-20T23:34:35Z,234,39.62,0.7,organization,female,True,False
sahat,hackathon-starter,2017-06-18T21:55:28Z,CSS,20100,2016-01-11T00:36:24Z,357,37.77,13.19,personal,female,True,True
iluwatar,java-design-patterns,2017-06-15T22:05:13Z,Java,19800,2015-12-03T03:48:08Z,460,8.55,3.77,organization,female,True,True
prakhar1989,awesome-courses,2017-06-19T16:18:12Z,HTML,19800,2015-05-07T17:51:43Z,21,37.4,18.49,organization,male,True,False
gogits,gogs,2017-06-21T21:41:27Z,Go,19700,2015-05-25T17:11:31Z,338,25.09,15.57,enterprise,undetermined,True,False
Unitech,pm2,2017-06-23T15:56:10Z,JavaScript,19500,2016-01-08T13:47:38Z,126,12.49,3.81,enterprise,female,False,True
alvarotrigo,fullPage.js,2017-05-30T22:30:54Z,JavaScript,19500,2015-01-10T05:54:08Z,375,4.85,8.19,personal,male,True,True
gitlabhq,gitlabhq,2017-06-22T16:10:32Z,Ruby,19500,2016-08-31T10:39:04Z,215,47.07,9.93,enterprise,undetermined,False,True
scikit-learn,scikit-learn,2017-06-24T18:53:10Z,Python,19400,2016-09-24T12:14:49Z,341,31.59,5.79,organization,undetermined,False,False
certbot,certbot,2017-06-23T16:41:03Z,Python,18900,2016-05-07T16:53:12Z,319,36.82,10.46,personal,female,True,False
Leaflet,Leaflet,2017-06-24T08:04:43Z,JavaScript,18700,2016-08-25T16:08:18Z,419,8.32,19.89,organization,female,False,False
ecomfe,echarts,2017-06-22T07:26:35Z,JavaScript,18700,2016-04-29T03:09:44Z,381,22.24,10.47,enterprise,female,True,False
justjavac,free-programming-books-zh_CN,2017-06-06T18:06:15Z,JavaScript,18600,2016-12-06T01:30:31Z,176,0.42,0.27,organization,male,True,True
google,protobuf,2017-06-24T19:20:57Z,C++,18200,2015-02-25T22:43:39Z,462,1.01,18.65,personal,undetermined,True,True
git,git,2017-06-24T02:13:52Z,C,18000,2016-11-19T23:10:10Z,512,4.19,6.77,enterprise,female,True,True
gohugoio,hugo,2017-06-24T17:11:30Z,Go,18000,2016-02-28T14:06:22Z,582,8.62,7.15,personal,undetermined,True,True
Polymer,polymer,2017-06-23T23:59:51Z,HTML,17800,2016-08-18T10:43:07Z,354,26.33,15.27,organization,female,True,True
zenorocha,clipboard.js,2017-06-15T02:22:36Z,JavaScript,17800,2015-10-20T12:06:33Z,25,31.55,9.9,organization,male,False,False
donnemartin,system-design-primer,2017-06-21T01:11:07Z,Python,17500,2015-03-18T15:45:53Z,50,15.62,11.98,organization,male,True,True
zeit,hyper,2017-06-23T23:37:59Z,JavaScript,17500,2015-05-01T08:10:56Z,246,20.6,0.4,organization,undetermined,False,True
ReactiveCocoa,ReactiveCocoa,2017-06-21T02:49:58Z,Swift,17400,2015-02-04T08:12:35Z,35,5.89,15.22,organization,undetermined,True,False
serverless,serverless,2017-06-24T16:55:09Z,JavaScript,17300,2016-04-23T10:28:47Z,552,18.91,2.4,personal,female,False,True
plataformatec,devise,2017-06-24T15:37:01Z,Ruby,17200,2015-10-26T17:03:29Z,147,39.94,13.53,personal,female,True,True
yahoo,pure,2017-06-24T00:04:56Z,HTML,17000,2015-11-24T21:38:49Z,72,8.13,11.91,enterprise,female,True,True
mathiasbynens,dotfiles,2017-06-13T03:27:31Z,Shell,16900,2016-08-29T14:04:50Z,176,40.0,15.48,personal,female,False,False
IanLunn,Hover,2017-04-06T16:27:26Z,CSS,16900,2016-11-17T16:14:28Z,177,15.77,8.5,enterprise,female,True,False
fchollet,keras,2017-06-24T17:51:46Z,Python,16900,2016-06-15T20:23:54Z,209,35.98,1.42,personal,male,True,True
hexojs,hexo,2017-06-22T18:57:59Z,JavaScript,16800,2016-05-11T17:34:17Z,456,10.24,18.81,organization,undetermined,True,False
videojs,video.js,2017-06-23T21:47:32Z,JavaScript,16700,2015-10-22T10:27:16Z,18,49.15,16.84,personal,female,True,False
fastlane,fastlane,2017-06-24T20:06:06Z,Ruby,16600,2016-01-03T12:32:33Z,56,24.13,4.78,personal,male,True,False
grafana,grafana,2017-06-24T17:02:48Z,Go,16500,2016-04-20T22:25:55Z,403,49.3,1.11,enterprise,undetermined,False,False
jgthms,bulma,2017-06-21T14:05:03Z,CSS,16500,2015-02-18T15:04:24Z,564,21.98,14.07,enterprise,undetermined,True,False
opencv,opencv,2017-06-24T08:38:33Z,C++,16400,2015-10-12T00:35:28Z,311,12.46,10.19,personal,male,True,False
syncthing,syncthing,2017-06-21T05:45:24Z,Go,16400,2016-12-22T19:38:40Z,506,3.71,6.01,organization,male,True,False
Kickball,awesome-selfhosted,2017-06-23T13:18:25Z,JavaScript,16300,2015-11-08T13:47:20Z,13,24.52,18.61,organization,male,False,True
railsware,upterm,2017-06-20T06:54:43Z,TypeScript,16300,2015-12-19T08:13:36Z,555,30.8,2.44,personal,undetermined,True,True
bevacqua,dragula,2017-06-19T18:12:27Z,JavaScript,16100,2015-07-27T14:21:43Z,422,48.65,2.53,enterprise,male,True,True
t4t5,sweetalert,2017-06-21T07:23:00Z,JavaScript,16100,2015-11-22T00:47:21Z,103,46.1,0.62,personal,undetermined,True,True
koajs,koa,2017-06-20T17:01:19Z,JavaScript,16100,2016-06-26T02:58:57Z,28,0.5,10.55,enterprise,male,False,True
photonstorm,phaser,2017-06-23T22:42:17Z,HTML,15600,2016-07-07T09:54:01Z,408,43.75,16.1,personal,female,True,False
JetBrains,kotlin,2017-06-24T14:26:26Z,Java,15500,2016-10-18T06:04:55Z,92,8.06,12.33,enterprise,undetermined,False,False
verekia,js-stack-from-scratch,2017-06-08T21:20:22Z,JavaScript,15400,2015-11-30T12:17:10Z,437,33.65,10.58,personal,female,False,False
usablica,intro.js,2017-06-24T15:05:44Z,HTML,15400,2016-04-04T13:58:23Z,85,10.66,13.79,enterprise,female,True,False
postcss,postcss,2017-06-24T01:13:21Z,JavaScript,15200,2015-12-05T10:35:24Z,252,23.49,10.88,enterprise,male,True,True
bower,bower,2017-05-30T16:15:10Z,JavaScript,15100,2015-03-18T05:51:47Z,254,40.31,18.03,organization,undetermined,False,False
XX-net,XX-Net,2017-06-17T12:23:47Z,Python,14900,2015-11-17T15:33:35Z,10,27.03,19.96,organization,male,False,False
pixijs,pixi.js,2017-06-22T22:31:24Z,JavaScript,14900,2016-02-13T14:21:57Z,122,27.32,14.11,organization,female,True,False
SwiftyJSON,SwiftyJSON,2017-06-04T15:06:51Z,Swift,14800,2016-12-12T19:53:45Z,305,22.48,13.28,enterprise,male,True,False
ryanmcdermott,clean-code-javascript,2017-06-15T18:30:34Z,JavaScript,14700,2015-08-12T22:17:34Z,28,32.29,2.11,personal,undetermined,True,True
symfony,symfony,2017-06-24T16:50:33Z,PHP,14700,2015-01-16T02:49:40Z,283,3.99,0.96,enterprise,female,False,True
github,fetch,2017-06-19T13:38:24Z,JavaScript,14700,2016-12-04T21:02:51Z,175,47.6,14.19,personal,male,False,True
ant-design,ant-design,2017-06-24T14:07:16Z,TypeScript,14700,2015-03-18T18:14:55Z,27,33.85,10.54,personal,male,False,False
ApacheInfra,superset,2017-06-24T12:00:50Z,Python,14700,2016-11-17T11:29:16Z,172,1.16,12.25,organization,undetermined,False,False
lord,slate,2017-06-22T20:37:17Z,JavaScript,14700,2015-12-08T03:49:28Z,428,18.18,3.65,personal,undetermined,True,True
bcit-ci,CodeIgniter,2017-06-22T12:40:13Z,PHP,14600,2015-04-26T00:40:17Z,299,10.25,3.48,personal,undetermined,True,False
facebook,hhvm,2017-06-24T05:24:40Z,C++,14600,2016-07-01T19:13:07Z,499,29.79,7.69,personal,male,False,False
kriasoft,react-starter-kit,2017-06-21T12:40:23Z,JavaScript,14400,2016-08-30T16:51:07Z,201,6.37,16.34,enterprise,male,False,False
zeit,next.js,2017-06-24T18:29:04Z,JavaScript,14400,2015-06-03T09:59:06Z,330,43.24,3.08,personal,undetermined,True,True
tonsky,FiraCode,2017-06-22T18:21:23Z,Clojure,14300,2015-05-10T04:51:53Z,49,22.58,16.53,enterprise,undetermined,True,True
react-boilerplate,react-boilerplate,2017-06-24T14:16:54Z,JavaScript,14300,2016-02-18T22:51:37Z,300,48.15,1.96,personal,female,True,True
Valloric,YouCompleteMe,2017-06-21T00:58:30Z,Python,14100,2015-11-08T08:40:31Z,159,42.53,9.73,personal,male,False,False
zxing,zxing,2017-06-16T12:51:14Z,Java,14100,2016-04-04T13:47:19Z,91,22.32,14.2,organization,undetermined,False,True
ElemeFE,element,2017-06-23T08:26:05Z,Vue,14000,2015-02-22T06:06:25Z,29,36.09,15.84,organization,male,True,True
racaljk,hosts,2017-06-22T04:06:45Z,Rascal,13900,2016-03-10T20:30:04Z,82,41.97,8.1,organization,female,True,False
twbs,ratchet,2017-03-06T12:00:32Z,CSS,13900,2016-11-29T08:33:02Z,476,38.06,8.93,organization,male,True,True
quilljs,quill,2017-06-23T12:40:11Z,JavaScript,13900,2016-08-31T00:01:19Z,440,26.94,5.69,organization,male,False,False
coreos,etcd,2017-06-24T07:29:45Z,Go,13800,2015-10-25T07:40:40Z,75,4.92,17.3,enterprise,female,False,True
Bilibili,ijkplayer,2017-06-24T07:27:05Z,C,13800,2016-05-19T13:22:51Z,310,40.1,13.2,organization,undetermined,False,False
bitcoin,bitcoin,2017-06-24T14:40:11Z,C++,13700,2015-10-13T23:06:15Z,377,22.38,14.75,organization,female,True,True
webtorrent,webtorrent,2017-06-23T22:34:06Z,JavaScript,13700,2016-10-25T08:27:53Z,227,22.17,12.81,personal,female,False,False
tornadoweb,tornado,2017-06-21T04:05:46Z,Python,13700,2015-04-02T08:38:19Z,142,7.64,8.12,organization,undetermined,True,False
dkhamsing,open-source-ios-apps,2017-06-21T16:37:43Z,Swift,13600,2016-08-31T20:00:29Z,593,32.5,10.14,personal,undetermined,True,False
airbnb,lottie-android,2017-06-22T22:50:30Z,Java,13500,2015-06-12T04:56:54Z,193,15.62,18.07,personal,male,False,True
jaywcjlove,awesome-mac,2017-06-20T03:16:03Z,HTML,13400,2016-12-28T19:18:42Z,179,46.01,9.76,enterprise,undetermined,False,True
reddit,reddit,2017-06-13T22:40:11Z,Python,13400,2016-05-24T05:23:26Z,530,40.02,4.12,organization,male,True,True
angular-ui,ui-router,2017-06-22T19:52:08Z,TypeScript,13300,2016-02-10T03:00:23Z,43,1.83,6.12,enterprise,undetermined,False,True
jondot,awesome-react-native,2017-06-23T05:34:47Z,Ruby,13300,2016-08-25T12:03:48Z,551,44.63,10.23,personal,female,False,False
Thibaut,devdocs,2017-06-18T23:41:29Z,Ruby,13300,2015-07-12T20:24:03Z,205,28.38,11.25,enterprise,female,True,True
juliangarnier,anime,2017-06-24T15:44:51Z,JavaScript,13100,2015-04-29T06:22:02Z,233,13.84,4.8,personal,female,False,False
postcss,autoprefixer,2017-06-19T15:07:16Z,JavaScript,13000,2015-02-23T20:08:11Z,195,28.72,14.95,personal,male,False,True
getsentry,sentry,2017-06-24T18:38:04Z,Python,13000,2015-03-16T05:11:36Z,309,31.33,6.48,personal,undetermined,False,True
hubotio,hubot,2017-06-23T21:46:33Z,JavaScript,12800,2016-02-09T22:01:52Z,576,24.95,6.43,personal,male,True,False
domnikl,DesignPatternsPHP,2017-05-31T09:15:27Z,PHP,12800,2016-07-26T02:30:30Z,528,16.63,14.45,organization,undetermined,True,True
mholt,caddy,2017-06-24T18:17:07Z,Go,12700,2016-04-08T21:34:32Z,505,38.37,19.02,enterprise,male,False,True
nolimits4web,Swiper,2017-06-06T13:31:45Z,JavaScript,12700,2015-10-15T06:09:33Z,113,29.45,10.57,enterprise,female,True,True
mochajs,mocha,2017-06-23T15:59:08Z,JavaScript,12600,2016-07-25T05:48:48Z,382,6.32,4.73,enterprise,undetermined,False,False
ggreer,the_silver_searcher,2017-06-23T23:25:48Z,C,12600,2015-07-06T17:12:33Z,336,35.57,0.25,organization,male,False,True
jlmakes,scrollreveal,2017-06-23T15:13:03Z,JavaScript,12600,2016-05-22T15:17:45Z,423,22.21,11.92,enterprise,male,True,True
enyo,dropzone,2017-06-20T13:40:48Z,JavaScript,12500,2016-06-06T20:58:01Z,538,25.11,11.49,enterprise,female,True,True
CamDavidsonPilon,Probabilistic-Programming-and-Bayesian-Methods-for-Hackers,2017-06-15T14:00:21Z,Jupyter Notebook,12500,2015-05-09T08:57:13Z,478,2.92,17.35,organization,undetermined,False,False
segmentio,nightmare,2017-06-19T16:39:40Z,JavaScript,12400,2015-12-06T02:50:06Z,10,29.77,10.82,enterprise,undetermined,False,False
RocketChat,Rocket.Chat,2017-06-24T14:23:30Z,JavaScript,12400,2015-03-31T19:56:00Z,285,19.0,8.58,personal,male,True,True
ruby,ruby,2017-06-24T12:01:09Z,Ruby,12400,2016-05-28T07:35:59Z,519,24.39,10.72,enterprise,undetermined,False,True
matteocrippa,awesome-swift,2017-06-24T19:01:15Z,Swift,12300,2015-09-22T14:36:57Z,279,16.8,8.74,personal,male,True,False
standard,standard,2017-06-23T22:15:04Z,JavaScript,12200,2015-09-08T13:29:24Z,545,27.63,0.9,organization,female,True,True
songrotek,Deep-Learning-Papers-Reading-Roadmap,2017-06-08T02:05:19Z,Python,12200,2016-04-15T21:16:03Z,287,2.42,19.33,personal,male,False,True
syl20bnr,spacemacs,2017-06-24T11:19:17Z,Emacs Lisp,12100,2016-02-17T21:19:42Z,285,12.12,4.19,enterprise,male,False,False
riot,riot,2017-06-22T13:32:35Z,JavaScript,12100,2016-03-03T10:41:22Z,567,38.57,7.93,organization,undetermined,True,True
dotnet,corefx,2017-06-24T19:39:27Z,C#,12000,2016-01-12T16:27:32Z,113,49.91,17.24,personal,female,True,False
aymericdamien,TensorFlow-Examples,2017-06-19T01:40:32Z,Jupyter Notebook,12000,2015-04-11T07:24:33Z,297,38.7,16.86,organization,undetermined,True,True
libgdx,libgdx,2017-06-23T15:40:39Z,Java,11800,2016-10-23T05:47:20Z,171,49.26,16.15,enterprise,female,False,True
PerfectlySoft,Perfect,2017-05-31T17:08:16Z,Swift,11700,2015-01-19T07:22:31Z,76,23.13,6.15,organization,undetermined,False,True
legomushroom,mojs,2017-06-24T04:32:26Z,JavaScript,11700,2016-02-20T01:54:30Z,15,5.61,1.94,enterprise,undetermined,True,True
faif,python-patterns,2017-06-20T19:02:44Z,Python,11700,2015-10-18T15:13:55Z,547,35.33,2.18,enterprise,female,True,False
kennethreitz,python-guide,2017-06-22T17:07:13Z,Batchfile,11700,2016-11-04T22:16:29Z,582,8.04,5.76,enterprise,undetermined,False,True
prettier,prettier,2017-06-24T19:23:35Z,JavaScript,11700,2015-11-15T16:26:42Z,320,27.2,14.79,enterprise,undetermined,False,False
kilimchoi,engineering-blogs,2017-06-22T08:15:59Z,Ruby,11700,2015-10-24T18:06:05Z,341,17.73,3.36,personal,male,False,False
ipython,ipython,2017-06-22T08:00:59Z,Python,11600,2016-11-15T11:19:23Z,274,38.47,0.99,enterprise,male,True,False
storybooks,storybook,2017-06-24T18:30:05Z,JavaScript,11500,2016-09-12T05:05:44Z,146,37.4,19.17,personal,male,True,False
drduh,macOS-Security-and-Privacy-Guide,2017-05-23T23:00:23Z,Python,11500,2015-01-31T13:58:23Z,38,13.01,2.01,enterprise,undetermined,True,True
puikinsh,gentelella,2017-06-23T10:53:15Z,HTML,11400,2016-04-26T22:51:56Z,140,29.38,6.18,personal,female,True,True
astaxie,beego,2017-06-22T11:19:08Z,Go,11300,2015-09-25T05:15:45Z,33,40.62,2.17,personal,male,True,False
diaspora,diaspora,2017-06-23T07:32:35Z,Ruby,11300,2015-11-07T22:35:43Z,180,32.3,0.82,personal,male,True,False
tesseract-ocr,tesseract,2017-06-23T16:26:22Z,C++,11200,2016-09-25T08:29:35Z,246,14.33,1.86,enterprise,male,False,True
DefinitelyTyped,DefinitelyTyped,2017-06-24T14:20:06Z,TypeScript,11200,2016-11-15T22:26:55Z,426,33.73,13.4,organization,female,True,False
jiahaog,nativefier,2017-06-18T23:13:35Z,JavaScript,11100,2015-07-26T05:24:54Z,572,38.22,10.67,organization,female,True,True
Blankj,AndroidUtilCode,2017-06-24T15:09:06Z,Java,11000,2015-07-05T05:53:39Z,474,21.6,18.23,personal,male,True,True
adobe-fonts,source-code-pro,2017-03-23T06:29:09Z,Python,11000,2015-09-11T16:47:02Z,170,24.51,0.13,enterprise,female,True,True
terryum,awesome-deep-learning-papers,2017-06-15T07:13:11Z,TeX,10900,2015-11-03T06:16:23Z,43,15.48,4.48,enterprise,undetermined,False,True
realm,realm-cocoa,2017-06-24T03:17:03Z,Objective-C,10900,2016-03-16T22:46:23Z,411,43.45,2.67,organization,female,False,True
influxdata,influxdb,2017-06-23T21:04:05Z,Go,10900,2016-03-19T08:25:54Z,519,38.1,3.26,enterprise,female,True,True
github,hub,2017-06-23T16:53:45Z,Go,10900,2015-05-12T05:07:52Z,151,17.68,14.69,enterprise,female,True,True
facebook,jest,2017-06-24T14:20:25Z,JavaScript,10800,2015-10-25T03:41:21Z,332,45.29,9.54,personal,female,False,False
shadowsocks,shadowsocks-windows,2017-06-17T13:11:25Z,C#,10700,2016-07-10T16:01:28Z,184,49.56,13.63,personal,male,False,True
yabwe,medium-editor,2017-06-22T03:54:09Z,JavaScript,10600,2016-10-30T08:39:08Z,401,44.94,11.18,personal,female,False,False
Mashape,kong,2017-06-24T20:05:14Z,Lua,10600,2016-04-03T20:54:24Z,56,5.61,10.8,personal,undetermined,False,False
jessesquires,JSQMessagesViewController,2017-06-16T14:26:58Z,Objective-C,10600,2016-01-22T15:36:05Z,25,36.17,18.51,organization,undetermined,True,False
cockroachdb,cockroach,2017-06-24T19:40:35Z,Go,10600,2016-09-01T03:02:48Z,107,2.4,16.04,personal,male,True,True
angular,angular-cli,2017-06-24T14:46:17Z,TypeScript,10500,2015-03-01T19:32:20Z,60,9.78,19.25,organization,male,True,False
Marak,faker.js,2017-06-19T12:47:05Z,JavaScript,10500,2016-06-26T07:38:04Z,140,7.55,14.63,organization,undetermined,True,True
avajs,ava,2017-06-23T10:55:22Z,JavaScript,10500,2015-10-27T10:00:09Z,164,22.67,6.21,enterprise,female,False,True
developit,preact,2017-06-24T17:40:25Z,JavaScript,10500,2015-10-28T17:30:30Z,430,43.58,9.27,organization,female,True,True
git-tips,tips,2017-04-06T02:13:16Z,JavaScript,10500,2016-11-19T02:00:35Z,489,11.42,10.11,personal,undetermined,True,True
donnemartin,interactive-coding-challenges,2017-06-21T17:59:02Z,Python,10500,2016-10-27T17:12:48Z,238,37.42,0.32,organization,male,True,True
RubaXa,Sortable,2017-06-23T08:48:44Z,JavaScript,10400,2015-08-01T08:12:58Z,189,16.76,16.35,personal,undetermined,False,True
cocos2d,cocos2d-x,2017-06-24T15:52:32Z,C++,10400,2016-11-05T09:08:36Z,170,46.53,15.5,organization,female,False,False
gin-gonic,gin,2017-06-19T16:54:37Z,Go,10400,2016-07-27T17:14:29Z,509,31.36,16.38,organization,male,False,True
infernojs,inferno,2017-06-23T23:31:32Z,JavaScript,10400,2015-05-19T14:32:02Z,334,37.11,19.81,organization,undetermined,False,False
yiisoft,yii2,2017-06-24T10:51:32Z,PHP,10400,2016-11-08T20:53:12Z,225,1.29,9.26,organization,male,False,False
vapor,vapor,2017-06-24T16:13:58Z,Swift,10000,2015-02-04T17:02:49Z,123,24.48,8.93,organization,female,False,True
SnapKit,SnapKit,2017-06-12T10:15:39Z,Swift,10000,2015-07-20T08:20:11Z,489,2.68,9.71,enterprise,female,False,True
drone,drone,2017-06-24T12:16:16Z,Go,10000,2015-07-12T08:34:58Z,348,6.84,5.81,enterprise,male,True,False
jquery,jquery-ui,2017-06-21T08:50:28Z,JavaScript,10000,2015-09-13T07:19:15Z,132,15.39,16.4,enterprise,male,False,True
nolimits4web,Framework7,2017-06-23T16:05:13Z,HTML,10000,2015-07-19T08:12:46Z,573,23.99,17.06,organization,female,True,True
gatsbyjs,gatsby,2017-06-24T18:24:48Z,JavaScript,10000,2015-01-28T03:13:52Z,383,15.21,8.44,personal,male,False,True
adobe-webplatform,Snap.svg,2017-04-18T11:54:43Z,JavaScript,10000,2015-03-13T05:32:14Z,58,40.75,0.41,personal,female,False,False
pandas-dev,pandas,2017-06-23T20:59:30Z,Python,10000,2015-11-20T11:13:38Z,355,15.48,17.35,enterprise,female,True,False
